# year,qingming,dongzhi
2000,2000-04-04,2000-12-21
2001,2001-04-05,2001-12-22
2002,2002-04-05,2002-12-22
2003,2003-04-05,2003-12-22
2004,2004-04-04,2004-12-21
2005,2005-04-05,2005-12-22
2006,2006-04-05,2006-12-22
2007,2007-04-05,2007-12-22
2008,2008-04-04,2008-12-21
2009,2009-04-04,2009-12-22
2010,2010-04-05,2010-12-22
2011,2011-04-05,2011-12-22
2012,2012-04-04,2012-12-21
2013,2013-04-04,2013-12-22
2014,2014-04-05,2014-12-22
2015,2015-04-05,2015-12-22
2016,2016-04-04,2016-12-21
2017,2017-04-04,2017-12-22
2018,2018-04-05,2018-12-22
2019,2019-04-05,2019-12-22
2020,2020-04-04,2020-12-21
2021,2021-04-04,2021-12-21
2022,2022-04-05,2022-12-22
2023,2023-04-05,2023-12-22
2024,2024-04-04,2024-12-21
2025,2025-04-04,2025-12-21
2026,2026-04-05,2026-12-22
2027,2027-04-05,2027-12-22
2028,2028-04-04,2028-12-21
2029,2029-04-04,2029-12-21
2030,2030-04-05,2030-12-22
2031,2031-04-05,2031-12-22
2032,2032-04-04,2032-12-21
2033,2033-04-04,2033-12-21
2034,2034-04-05,2034-12-22
2035,2035-04-05,2035-12-22
2036,2036-04-04,2036-12-21
2037,2037-04-04,2037-12-21
2038,2038-04-05,2038-12-22
2039,2039-04-05,2039-12-22
2040,2040-04-04,2040-12-21
2041,2041-04-04,2041-12-21
2042,2042-04-04,2042-12-22
2043,2043-04-05,2043-12-22
2044,2044-04-04,2044-12-21
2045,2045-04-04,2045-12-21
2046,2046-04-04,2046-12-22
2047,2047-04-05,2047-12-22
2048,2048-04-04,2048-12-21
2049,2049-04-04,2049-12-21
2050,2050-04-04,2050-12-22
2051,2051-04-05,2051-12-22
2052,2052-04-04,2052-12-21
2053,2053-04-04,2053-12-21
2054,2054-04-04,2054-12-21
2055,2055-04-05,2055-12-22
2056,2056-04-04,2056-12-21
2057,2057-04-04,2057-12-21
2058,2058-04-04,2058-12-21
2059,2059-04-05,2059-12-22
2060,2060-04-04,2060-12-21
2061,2061-04-04,2061-12-21
2062,2062-04-04,2062-12-21
2063,2063-04-05,2063-12-22
2064,2064-04-04,2064-12-21
2065,2065-04-04,2065-12-21
2066,2066-04-04,2066-12-21
2067,2067-04-05,2067-12-22
2068,2068-04-04,2068-12-21
2069,2069-04-04,2069-12-21
2070,2070-04-04,2070-12-21
2071,2071-04-05,2071-12-22
2072,2072-04-04,2072-12-21
2073,2073-04-04,2073-12-21
2074,2074-04-04,2074-12-21
2075,2075-04-04,2075-12-22
2076,2076-04-04,2076-12-21
2077,2077-04-04,2077-12-21
2078,2078-04-04,2078-12-21
2079,2079-04-04,2079-12-22
2080,2080-04-04,2080-12-21
2081,2081-04-04,2081-12-21
2082,2082-04-04,2082-12-21
2083,2083-04-04,2083-12-22
2084,2084-04-04,2084-12-21
2085,2085-04-04,2085-12-21
2086,2086-04-04,2086-12-21
2087,2087-04-04,2087-12-22
2088,2088-04-04,2088-12-21
2089,2089-04-04,2089-12-21
2090,2090-04-04,2090-12-21
2091,2091-04-04,2091-12-21
2092,2092-04-04,2092-12-21
2093,2093-04-04,2093-12-21
2094,2094-04-04,2094-12-21
2095,2095-04-04,2095-12-21
2096,2096-04-04,2096-12-21
2097,2097-04-04,2097-12-21
2098,2098-04-04,2098-12-21
2099,2099-04-04,2099-12-21
